robotx,roboty,desiredx,desiredy
4.6225786209106445,3.556154251098633,4.99998908996582,3.5
4.6225786209106445,3.556154251098633,4.962419799804687,3.5
4.6225786209106445,3.556154251098633,4.925305290222168,3.5
4.6225786209106445,3.556154251098633,4.888830612182617,3.5
5.140700340270996,3.34104323387146,4.853282531738281,3.5
5.133834362030029,3.349160671234131,4.816221481323242,3.5
5.143013954162598,3.344472885131836,4.779766944885254,3.5
5.145108222961426,3.34330153465271,4.744114967346191,3.5
5.145108222961426,3.34330153465271,4.708410621643067,3.5
5.160141944885254,3.3249552249908447,4.671902206420898,3.5
5.168089866638184,3.3008229732513428,4.635129096984863,3.5
5.1681108474731445,3.295473098754883,4.598385192871094,3.5
5.1681108474731445,3.295473098754883,4.561275634765625,3.5
5.1681108474731445,3.295473098754883,4.525702125549317,3.5
5.15641450881958,3.299025774002075,4.481692726135254,3.5
5.15641450881958,3.299025774002075,4.445632041931153,3.5
5.035035133361816,3.385131359100342,4.408552360534668,3.5
5.035035133361816,3.385131359100342,4.3702522659301755,3.5
5.035035133361816,3.385131359100342,4.3331458969116206,3.5
4.868580341339111,3.4820337295532227,4.297053237915039,3.5
4.868580341339111,3.4820337295532227,4.261604354858399,3.5
4.868580341339111,3.4820337295532227,4.224742538452149,3.5
4.868580341339111,3.4820337295532227,4.188535827636718,3.5
4.868580341339111,3.4820337295532227,4.152151702880859,3.5
4.868580341339111,3.4820337295532227,4.1157939300537105,3.5
4.868580341339111,3.4820337295532227,4.080116943359375,3.5
4.617967128753662,3.5543434619903564,4.042614624023438,3.5
4.617967128753662,3.5543434619903564,4.006161010742187,3.5
4.617967128753662,3.5543434619903564,3.969328819274902,3.5
4.469933986663818,3.5319509506225586,3.933480461120605,3.5
4.382784843444824,3.5158181190490723,3.895931312561035,3.5
4.3467817306518555,3.5110573768615723,3.8600065002441406,3.5
4.3467817306518555,3.5110573768615723,3.8237381057739257,3.5
4.3467817306518555,3.5110573768615723,3.7869731369018553,3.5
4.2853264808654785,3.5004935264587402,3.7508177871704103,3.5
4.2853264808654785,3.5004935264587402,3.715432350158691,3.5
4.148921966552734,3.476633071899414,3.6799701232910156,3.5
4.148921966552734,3.476633071899414,3.6430561904907224,3.5
4.148921966552734,3.476633071899414,3.6077122116088867,3.5
4.071449279785156,3.465334177017212,3.5712548217773437,3.5
3.929678440093994,3.447709321975708,3.5166216506958006,3.5
3.8706161975860596,3.4435575008392334,3.4798313369750975,3.5
3.8706161975860596,3.4435575008392334,3.4430688018798827,3.5
3.8706161975860596,3.4435575008392334,3.406128852844238,3.5
3.7453696727752686,3.434959888458252,3.370519088745117,3.5
3.7045648097991943,3.4330503940582275,3.3351459045410152,3.5
3.6650171279907227,3.4376094341278076,3.297677993774414,3.5
3.6650171279907227,3.4376094341278076,3.261623687744141,3.5
3.6650171279907227,3.4376094341278076,3.226205856323242,3.5
3.5677647590637207,3.451521635055542,3.189794624328613,3.5
3.537041425704956,3.454909563064575,3.1531225585937497,3.5
3.497387647628784,3.457993507385254,3.1162551193237302,3.5
3.4889423847198486,3.458652973175049,3.0792163085937494,3.5
3.4889423847198486,3.458652973175049,3.0421597900390625,3.5
3.36505126953125,3.470005750656128,2.9884432296752927,3.5
3.3255486488342285,3.474012613296509,2.952516990661621,3.5
3.3067266941070557,3.47506046295166,2.9172195053100585,3.5
3.3067266941070557,3.47506046295166,2.881851608276367,3.5
3.3067266941070557,3.47506046295166,2.8453354721069335,3.5
3.223843574523926,3.4793710708618164,2.804019844055176,3.5
3.223843574523926,3.4793710708618164,2.7676389083862305,3.5
3.223843574523926,3.4793710708618164,2.73070743560791,3.5
3.223843574523926,3.4793710708618164,2.695328544616699,3.5
3.223843574523926,3.4793710708618164,2.660013435363769,3.5
2.947312593460083,3.4887149333953857,2.614862426757812,3.5
2.9083974361419678,3.488776206970215,2.5793579025268554,3.5
2.876708984375,3.4882020950317383,2.543003402709961,3.5
2.876708984375,3.4882020950317383,2.5064077072143554,3.5
2.876708984375,3.4882020950317383,2.4693593292236327,3.5
2.7542672157287598,3.4872682094573975,2.4331544647216794,3.5
2.7173423767089844,3.4865691661834717,2.396333770751953,3.5
2.697331190109253,3.486328363418579,2.358192794799804,3.5
2.697331190109253,3.486328363418579,2.3226295242309565,3.5
2.697331190109253,3.486328363418579,2.2855530319213866,3.5
2.60520076751709,3.48366379737854,2.249477996826172,3.5
2.5763776302337646,3.4827730655670166,2.212151161193847,3.5
2.5573387145996094,3.4820847511291504,2.1752313537597656,3.5
2.5573387145996094,3.4820847511291504,2.1389264526367184,3.5
2.483010768890381,3.480557680130005,2.092505683898926,3.5
2.4604828357696533,3.479653835296631,2.056558380126953,3.5
2.4316349029541016,3.4790101051330566,2.0197698287963863,3.5
2.414275646209717,3.4781572818756104,1.9826661453247065,3.5
2.414275646209717,3.4781572818756104,1.9468104019165038,3.5
2.3200836181640625,3.476285934448242,1.9067320556640626,3.5
2.28484845161438,3.4754836559295654,1.8713863143920895,3.5
2.2463901042938232,3.473641872406006,1.8331330490112303,3.5
2.2344393730163574,3.4733831882476807,1.7971139907836915,3.5
2.2344393730163574,3.4733831882476807,1.7615078353881835,3.5
2.1321871280670166,3.470327615737915,1.7218317337036133,3.5
2.094853639602661,3.4695043563842773,1.6862881851196287,3.5
2.0579090118408203,3.468079090118408,1.6506552581787104,3.5
2.0403404235839844,3.46696400642395,1.6143144378662106,3.5
2.0403404235839844,3.46696400642395,1.5772431488037109,3.5
1.9698333740234375,3.4646694660186768,1.5401679992675783,3.5
1.9173527956008911,3.464505672454834,1.504418586730957,3.5
1.8850822448730469,3.4646220207214355,1.467304077148437,3.5
1.8850822448730469,3.4646220207214355,1.4312553939819335,3.5
1.8850822448730469,3.4646220207214355,1.3943094863891599,3.5
1.7673746347427368,3.4605324268341064,1.347487480163574,3.5
1.722807765007019,3.4609920978546143,1.3105492935180663,3.5
1.6769983768463135,3.4617743492126465,1.2717553939819335,3.5
1.6738821268081665,3.461886405944824,1.2350439682006833,3.5
1.6738821268081665,3.461886405944824,1.1995664672851558,3.5
1.5698928833007812,3.4599790573120117,1.1631211624145505,3.5
1.5368458032608032,3.4605984687805176,1.126082687377929,3.5
1.4979479312896729,3.4611716270446777,1.0906134109497065,3.5
1.4890804290771484,3.461435317993164,1.0531179733276366,3.5
1.4890804290771484,3.461435317993164,1.0166803054809566,3.5
1.3905987739562988,3.4607276916503906,0.9777886352539058,3.5
1.357538104057312,3.460200309753418,0.9422739562988278,3.5
1.3358614444732666,3.460017442703247,0.9066475753784173,3.5
1.3358614444732666,3.460017442703247,0.8699755096435542,3.5
1.3358614444732666,3.460017442703247,0.8346298522949214,3.5
1.2091420888900757,3.4612176418304443,0.7919765701293944,3.5
1.1545767784118652,3.4608030319213867,0.7538278732299801,3.5
1.1147066354751587,3.4607086181640625,0.7185352554321289,3.5
1.1115081310272217,3.4608066082000732,0.6815389938354492,3.5
1.1115081310272217,3.4608066082000732,0.6444652709960934,3.5
1.1115081310272217,3.4608066082000732,0.6076306457519527,3.5
1.002129077911377,3.4604403972625732,0.5718410339355469,3.5
1.002129077911377,3.4604403972625732,0.536235549926757,3.5
1.002129077911377,3.4604403972625732,0.5006486968994137,3.5
1.002129077911377,3.4604403972625732,0.4652435379028317,3.5
1.002129077911377,3.4604403972625732,0.42817082214355384,3.5
0.8198983669281006,3.4564995765686035,0.3894909744262689,3.5
0.7160786986351013,3.451786756515503,0.3509920654296872,3.5
0.7160786986351013,3.451786756515503,0.31551506805419915,3.5
0.7160786986351013,3.451786756515503,0.2786707916259763,3.5
0.6016591787338257,3.4478037357330322,0.2415766754150388,3.5
0.5609920024871826,3.4449143409729004,0.20446258544921836,3.5
0.5298901796340942,3.4428560733795166,0.16879331970214828,3.5
0.5249075293540955,3.442786931991577,0.13183012390136728,3.5
0.4888944625854492,3.4426627159118652,0.09644216918945325,3.5
0.4438941478729248,3.443920612335205,0.060524742126464304,3.5
0.4151584208011627,3.446388006210327,0.023417030334472066,3.5
0.38272878527641296,3.449378728866577,-0.01339938354492265,3.5
0.3693004846572876,3.4505228996276855,-0.04899370574951245,3.5
0.3693004846572876,3.4505228996276855,-0.08615915679931696,3.5
0.2748889625072479,3.45882511138916,-0.12412490081787197,3.5
0.2388225644826889,3.4608776569366455,-0.16136537933349704,3.5
0.19870567321777344,3.4629006385803223,-0.19767103576660272,3.5
0.18936468660831451,3.4630887508392334,-0.23298018646240237,3.5
0.14180931448936462,3.4659135341644287,-0.2683970108032234,3.5
0.10012388974428177,3.467459201812744,-0.30398143005371114,3.5
0.055398762226104736,3.4695780277252197,-0.34064820861816436,3.5
0.027241291478276253,3.4703025817871094,-0.37748107147216814,3.5
-0.0012536487774923444,3.4708070755004883,-0.4134783935546871,3.5
-0.0012536487774923444,3.4708070755004883,-0.4489755325317386,3.5
-0.0873744860291481,3.47302508354187,-0.492314468383789,3.5
-0.14492057263851166,3.4755945205688477,-0.5278283920288098,3.5
-0.19658365845680237,3.4753341674804688,-0.5632698898315436,3.5
-0.19658365845680237,3.4753341674804688,-0.6003879241943366,3.5
-0.19658365845680237,3.4753341674804688,-0.6367263107299808,3.5
-0.19658365845680237,3.4753341674804688,-0.67380313873291,3.5
-0.3408994972705841,3.475175380706787,-0.7098743133544927,3.5
-0.367582231760025,3.47485613822937,-0.7453820266723641,3.5
-0.39323583245277405,3.4735584259033203,-0.782037811279297,3.5
-0.39323583245277405,3.4735584259033203,-0.818532546997071,3.5
-0.39323583245277405,3.4735584259033203,-0.8543316421508793,3.5
-0.5035038590431213,3.4698681831359863,-0.8906921844482429,3.5
-0.5452537536621094,3.469485282897949,-0.9270868835449217,3.5
-0.56669682264328,3.4691925048828125,-0.9636173706054691,3.5
-0.56669682264328,3.4691925048828125,-1.0007231521606448,3.5
-0.56669682264328,3.4691925048828125,-1.0365496902465825,3.5
-0.678705096244812,3.463819980621338,-1.0735449447631842,3.5
-0.7022016048431396,3.4627673625946045,-1.1100367431640628,3.5
-0.7304598093032837,3.4617831707000732,-1.1466933670043957,3.5
-0.7304598093032837,3.4617831707000732,-1.1835681915283205,3.5
-0.7973845601081848,3.461237907409668,-1.2333726654052732,3.5
-0.8525197505950928,3.4580931663513184,-1.2702446365356446,3.5
-0.8851752877235413,3.456641435623169,-1.3064432907104493,3.5
-0.8968571424484253,3.4563724994659424,-1.3447485885620116,3.5
-0.8968571424484253,3.4563724994659424,-1.3801203460693365,3.5
-0.958095908164978,3.4563255310058594,-1.4167657241821292,3.5
-0.958095908164978,3.4563255310058594,-1.4521233825683604,3.5
-0.958095908164978,3.4563255310058594,-1.4874476394653326,3.5
-0.958095908164978,3.4563255310058594,-1.52577165222168,3.5
-0.958095908164978,3.4563255310058594,-1.5620125198364256,3.5
-1.1693847179412842,3.458461284637451,-1.601515403747559,3.5
-1.2595999240875244,3.457852363586426,-1.6380333023071296,3.5
-1.304328441619873,3.456044912338257,-1.6771252975463868,3.5
-1.304328441619873,3.456044912338257,-1.7137952651977546,3.5
-1.304328441619873,3.456044912338257,-1.7499012680053712,3.5
-1.4375463724136353,3.4534261226654053,-1.7871605453491215,3.5
-1.4698498249053955,3.4531242847442627,-1.8241335601806643,3.5
-1.505081295967102,3.4523940086364746,-1.8598006439208987,3.5
-1.505081295967102,3.4523940086364746,-1.8961650466918947,3.5
-1.505081295967102,3.4523940086364746,-1.933277877807618,3.5
-1.5985358953475952,3.4529995918273926,-1.9699593429565434,3.5
-1.6280477046966553,3.45422625541687,-2.0065276794433604,3.5
-1.6618132591247559,3.455695867538452,-2.0440142211914063,3.5
-1.6722958087921143,3.4562268257141113,-2.079867530822754,3.5
-1.6722958087921143,3.4562268257141113,-2.1158907852172852,3.5
-1.7506190538406372,3.4597222805023193,-2.1542208404541023,3.5
-1.7932695150375366,3.460726499557495,-2.1898784408569334,3.5
-1.8268944025039673,3.461972713470459,-2.2263772888183597,3.5
-1.8406096696853638,3.462250232696533,-2.264708351135255,3.5
-1.8406096696853638,3.462250232696533,-2.300910110473634,3.5
-1.9410293102264404,3.4646053314208984,-2.340800552368165,3.5
-1.974125623703003,3.464776039123535,-2.377077674865724,3.5
-2.0097899436950684,3.465015172958374,-2.414244972229004,3.5
-2.024343252182007,3.4648942947387695,-2.4513578033447274,3.5
-2.024343252182007,3.4648942947387695,-2.4873473205566414,3.5
-2.1238160133361816,3.464374303817749,-2.5244220504760744,3.5
-2.1679656505584717,3.464113712310791,-2.5620910415649414,3.5
-2.2048909664154053,3.4636101722717285,-2.597385002136231,3.5
-2.2077696323394775,3.4634878635406494,-2.6344230575561527,3.5
-2.2077696323394775,3.4634878635406494,-2.6699589691162116,3.5
-2.3026695251464844,3.462374687194824,-2.709790496826173,3.5
-2.340305805206299,3.4615538120269775,-2.747149307250977,3.5
-2.383172035217285,3.461015224456787,-2.7838045043945314,3.5
-2.3983426094055176,3.460496187210083,-2.8209226226806656,3.5
-2.3983426094055176,3.460496187210083,-2.8580254669189458,3.5
-2.489107370376587,3.4591598510742188,-2.895117485046387,3.5
-2.5307607650756836,3.45780086517334,-2.9313892364501966,3.5
-2.5668458938598633,3.4570181369781494,-2.967528388977051,3.5
-2.5842323303222656,3.456696033477783,-3.0046366043090824,3.5
-2.5842323303222656,3.456696033477783,-3.0400102081298837,3.5
-2.656524419784546,3.454862594604492,-3.0832543945312505,3.5
-2.7081241607666016,3.4548916816711426,-3.1192157974243173,3.5
-2.754647731781006,3.4550058841705322,-3.154509841918946,3.5
-2.754647731781006,3.4550058841705322,-3.191541267395019,3.5
-2.8017470836639404,3.455249547958374,-3.227550086975098,3.5
-2.8475418090820312,3.4548394680023193,-3.2641458663940437,3.5
-2.899552822113037,3.454495906829834,-3.3000744552612318,3.5
-2.9306020736694336,3.4541308879852295,-3.33782258605957,3.5
-2.9458723068237305,3.45424485206604,-3.3767369155883795,3.5
-2.9458723068237305,3.45424485206604,-3.4122379150390643,3.5
-3.0325889587402344,3.4545326232910156,-3.449228889465333,3.5
-3.0850651264190674,3.45430326461792,-3.4857418365478523,3.5
-3.125208854675293,3.453726053237915,-3.521271621704102,3.5
-3.125208854675293,3.453726053237915,-3.558201667785646,3.5
-3.183680772781372,3.452765703201294,-3.593722724914551,3.5
-3.2324323654174805,3.452805280685425,-3.6290670394897475,3.5
-3.2720048427581787,3.4516422748565674,-3.667845413208008,3.5
-3.306123971939087,3.4514763355255127,-3.703673042297364,3.5
-3.3175928592681885,3.451714515686035,-3.739075096130371,3.5
-3.3175928592681885,3.451714515686035,-3.7752044296264664,3.5
-3.4152469635009766,3.453062057495117,-3.8,3.4899996948242187
-3.4506571292877197,3.453115224838257,-3.8,3.464762496948242
-3.48459529876709,3.4522671699523926,-3.8,3.4405760383605957
-3.498958110809326,3.4516489505767822,-3.8,3.414442653656006
-3.5406570434570312,3.4514760971069336,-3.8,3.3891413688659666
-3.5849215984344482,3.4504599571228027,-3.8,3.3649361419677732
-3.606762647628784,3.4497692584991455,-3.8,3.3408656120300293
-3.6334378719329834,3.4516756534576416,-3.8,3.3166687965393065
-3.6438541412353516,3.4536638259887695,-3.8,3.2924540138244627
-3.6438541412353516,3.4536638259887695,-3.8,3.2671531867980956
-3.702375650405884,3.45867657661438,-3.8,3.238028717041016
-3.7200911045074463,3.4571805000305176,-3.8,3.21360221862793
-3.741530179977417,3.4492909908294678,-3.8,3.1879272842407227
-3.7441279888153076,3.447844982147217,-3.8,3.1632341384887694
-3.758765935897827,3.4272494316101074,-3.8,3.1391038131713866
-3.7622082233428955,3.4060287475585938,-3.8,3.1145857048034666
-3.7625362873077393,3.389399290084839,-3.8,3.089471130371094
-3.763335943222046,3.3708574771881104,-3.8,3.063923797607422
-3.763775110244751,3.361815929412842,-3.8,3.0389825439453126
-3.763775110244751,3.361815929412842,-3.8,3.0137012290954592
-3.767183780670166,3.308177947998047,-3.8,2.9849444007873536
-3.769315004348755,3.28377366065979,-3.8,2.959476318359375
-3.7708191871643066,3.262690544128418,-3.8,2.935364017486572
-3.7715163230895996,3.2525880336761475,-3.8,2.9104940032958986
-3.774775981903076,3.220930814743042,-3.8,2.8862249755859377
-3.7780308723449707,3.180022954940796,-3.8,2.860968322753906
-3.779907464981079,3.1499080657958984,-3.8,2.8348640060424803
-3.7799606323242188,3.147658109664917,-3.8,2.8103084182739257
-3.7799606323242188,3.147658109664917,-3.8,2.785339984893799
-3.7799606323242188,3.147658109664917,-3.8,2.760879211425781
-3.7799606323242188,3.147658109664917,-3.8,2.731736946105957
-3.788550615310669,2.9975030422210693,-3.8,2.7067041969299317
-3.7902159690856934,2.9682838916778564,-3.8,2.681047058105469
-3.7902159690856934,2.9682838916778564,-3.8,2.6569112396240233
-3.7923409938812256,2.9184327125549316,-3.8,2.632654399871826
-3.793419599533081,2.8766772747039795,-3.8,2.6079454612731934
-3.793504238128662,2.8524980545043945,-3.8,2.581332855224609
-3.793504238128662,2.8524980545043945,-3.8,2.5561705017089844
-3.793504238128662,2.8524980545043945,-3.8,2.5317701530456542
-3.793504238128662,2.8524980545043945,-3.8,2.50673168182373
-3.7944393157958984,2.7973742485046387,-3.8,2.4780843162536623
-3.7944393157958984,2.7973742485046387,-3.8,2.4539784812927246
-3.7944393157958984,2.7973742485046387,-3.8,2.4299074363708497
-3.7944393157958984,2.7973742485046387,-3.8,2.4049399757385252
-3.7944393157958984,2.7973742485046387,-3.8,2.380729999542236
-3.7944393157958984,2.7973742485046387,-3.8,2.3559490203857423
-3.7944393157958984,2.7973742485046387,-3.8,2.3317681121826173
-3.7944393157958984,2.7973742485046387,-3.8,2.306515522003174
-3.7944393157958984,2.7973742485046387,-3.8,2.2812142372131348
-3.7944393157958984,2.7973742485046387,-3.8,2.2563891410827637
-3.7944393157958984,2.7973742485046387,-3.8,2.2314509773254394
-3.7944393157958984,2.7973742485046387,-3.8,2.20602632522583
-3.7944393157958984,2.7973742485046387,-3.8,2.1816747283935545
-3.7944393157958984,2.7973742485046387,-3.8,2.156888942718506
-3.7944393157958984,2.7973742485046387,-3.8,2.131790962219238
-3.7944393157958984,2.7973742485046387,-3.8,2.1075008201599124
-3.7944393157958984,2.7973742485046387,-3.8,2.0822057723999023
-3.7944393157958984,2.7973742485046387,-3.8,2.052572498321533
-3.7944393157958984,2.7973742485046387,-3.8,2.0279290771484373
-3.7944393157958984,2.7973742485046387,-3.8,2.002652912139893
-3.7944393157958984,2.7973742485046387,-3.8,1.9780985832214357
-3.7944393157958984,2.7973742485046387,-3.8,1.9528856468200684
-3.708264112472534,1.8434867858886719,-3.8,1.9284950828552245
-3.6689257621765137,1.69697105884552,-3.8,1.9027212715148925
-3.64797043800354,1.632220983505249,-3.8,1.8781428527832031
-3.622051954269409,1.5176740884780884,-3.8,1.8540432548522952
-3.603080987930298,1.4564716815948486,-3.8,1.82822452545166
-3.5949645042419434,1.438091516494751,-3.8,1.8040213012695312
-3.5840511322021484,1.4208941459655762,-3.8,1.779851837158203
-3.5840511322021484,1.4208941459655762,-3.8,1.7555383491516112
-3.57680606842041,1.4103564023971558,-3.8,1.7295629501342775
-3.5370428562164307,1.38458251953125,-3.8,1.7049065971374513
-3.5108895301818848,1.3660807609558105,-3.8,1.677972354888916
-3.506941318511963,1.3619327545166016,-3.8,1.6539149284362793
-3.4929943084716797,1.3410347700119019,-3.8,1.6287689971923829
-3.475597620010376,1.3223837614059448,-3.8,1.6043600082397462
-3.467636823654175,1.3153948783874512,-3.8,1.5799800872802736
-3.4746451377868652,1.3264724016189575,-3.8,1.5554623794555664
-3.476712703704834,1.3290448188781738,-3.8,1.5302201461791993
-3.476712703704834,1.3290448188781738,-3.8,1.5059597587585452
-3.4816980361938477,1.3557289838790894,-3.8,1.4772487640380856
-3.4809165000915527,1.3680922985076904,-3.8,1.4502533531188964
-3.4803433418273926,1.3828727006912231,-3.8,1.4256893539428712
-3.480217218399048,1.3879448175430298,-3.8,1.398985996246338
-3.482186794281006,1.4090850353240967,-3.8,1.3739472961425783
-3.486248016357422,1.4296596050262451,-3.8,1.3496184730529786
-3.49027681350708,1.4498051404953003,-3.8,1.3249121665954586
-3.4973199367523193,1.4680805206298828,-3.8,1.300314064025879
-3.499099016189575,1.4698108434677124,-3.8,1.2744559669494628
-3.499099016189575,1.4698108434677124,-3.8,1.2501259994506837
-3.5368521213531494,1.4670345783233643,-3.8,1.2252235984802247
-3.5504837036132812,1.4679911136627197,-3.8,1.201103801727295
-3.5504837036132812,1.4679911136627197,-3.8,1.1757845497131347
-3.577975034713745,1.445881962776184,-3.8,1.1508931922912597
-3.5886945724487305,1.430273175239563,-3.8,1.1265982437133788
-3.596193313598633,1.4196540117263794,-3.8,1.1022545433044435
-3.5992329120635986,1.4158439636230469,-3.8,1.0781172943115234
-3.611628770828247,1.4060262441635132,-3.8,1.0527857398986815
-3.617342233657837,1.4036117792129517,-3.8,1.027885284423828
-3.617342233657837,1.4036117792129517,-3.8,1.0030750083923339
-3.6398351192474365,1.3833650350570679,-3.8,0.9737993621826173
-3.684251070022583,1.3453396558761597,-3.8,0.9497534942626951
-3.701835870742798,1.3248653411865234,-3.8,0.9239782524108886
-3.7082362174987793,1.3189104795455933,-3.8,0.8988617897033695
-3.711242914199829,1.3155573606491089,-3.8,0.8744245338439942
-3.7541275024414062,1.2583346366882324,-3.8,0.8494134140014649
-3.765667676925659,1.2332550287246704,-3.8,0.8249165916442869
-3.7675232887268066,1.2042049169540405,-3.8,0.8005925750732423
-3.7672431468963623,1.1990243196487427,-3.8,0.7756049728393557
-3.7672431468963623,1.1990243196487427,-3.8,0.7510628318786621
-3.769927740097046,1.0970054864883423,-3.8,0.721799373626709
-3.77097225189209,1.062056064605713,-3.8,0.6972125434875487
-3.7707138061523438,1.027032494544983,-3.8,0.6728775405883787
-3.770991802215576,1.0134079456329346,-3.8,0.6487099647521974
-3.770733118057251,0.9743164777755737,-3.8,0.6234463882446288
-3.7712018489837646,0.9287779927253723,-3.8,0.5982324790954587
-3.770883560180664,0.9235069155693054,-3.8,0.5741455841064456
-3.770883560180664,0.9235069155693054,-3.8,0.5490049171447753
-3.7705187797546387,0.8648034930229187,-3.8,0.5229056358337401
-3.7705187797546387,0.8648034930229187,-3.8,0.4980948448181155
-3.770068645477295,0.7817649841308594,-3.8,0.47072429656982395
-3.770068645477295,0.7817649841308594,-3.8,0.44577079772949224
-3.76859712600708,0.7523820400238037,-3.8,0.4209229278564455
-3.769131898880005,0.7209875583648682,-3.8,0.3964219856262208
-3.769425868988037,0.6900761127471924,-3.8,0.3722540092468263
-3.769225597381592,0.6540327668190002,-3.8,0.3407413291931154
-3.769225597381592,0.6540327668190002,-3.8,0.31550573348999045
-3.769550085067749,0.6357419490814209,-3.8,0.2889524078369141
-3.7692668437957764,0.6012535691261292,-3.8,0.25922843933105444
-3.7692668437957764,0.6012535691261292,-3.8,0.23395181655883768
-3.7692668437957764,0.6012535691261292,-3.8,0.20891717910766605
-3.7692668437957764,0.6012535691261292,-3.8,0.18364135742187493
-3.7692668437957764,0.6012535691261292,-3.8,0.15904451370239236
-3.7692761421203613,0.5849326252937317,-3.8,0.13400478363037083
-3.768908977508545,0.5445151329040527,-3.8,0.10892288208007805
-3.7709643840789795,0.4227752983570099,-3.8,0.08479398727416987
-3.771389961242676,0.39927059412002563,-3.8,0.06059574127197287
-3.7709197998046875,0.37428268790245056,-3.8,0.035923023223877415
-3.7709197998046875,0.37428268790245056,-3.8,0.011463222503662163
-3.7709197998046875,0.37428268790245056,-3.8,-0.013566150665282883
-3.7709197998046875,0.37428268790245056,-3.8,-0.038841056823730735
-3.7709197998046875,0.37428268790245056,-3.8,-0.06411716461181616
-3.770230770111084,0.24220088124275208,-3.8,-0.09039926528930664
-3.770230770111084,0.24220088124275208,-3.8,-0.11485265731811545
-3.770230770111084,0.24220088124275208,-3.8,-0.14012727737426722
-3.770230770111084,0.24220088124275208,-3.8,-0.1645078849792485
-3.770230770111084,0.24220088124275208,-3.8,-0.18978399276733393
-3.769286632537842,0.14595694839954376,-3.8,-0.21563413619995142
-3.769286632537842,0.14595694839954376,-3.8,-0.24060068130493129
-3.769286632537842,0.14595694839954376,-3.8,-0.26587667465209996
-3.770796775817871,0.026895683258771896,-3.8,-0.29000488281250014
-3.770796775817871,0.026895683258771896,-3.8,-0.3150683593750001
-3.770796775817871,0.026895683258771896,-3.8,-0.33963979721069304
-3.770796775817871,0.026895683258771896,-3.8,-0.36416631698608404
-3.770796775817871,0.026895683258771896,-3.8,-0.38946954727172844
-3.770796775817871,0.026895683258771896,-3.8,-0.42094406127929673
-3.771679162979126,-0.16574804484844208,-3.8,-0.4468113136291505
-3.771679162979126,-0.16574804484844208,-3.8,-0.4710512733459473
-3.771679162979126,-0.16574804484844208,-3.8,-0.49557807922363306
-3.771679162979126,-0.16574804484844208,-3.8,-0.519802017211914
-3.77030348777771,-0.29893630743026733,-3.8,-0.5607210540771481
-3.770730495452881,-0.32242435216903687,-3.8,-0.5853109169006343
-3.770463466644287,-0.3272317945957184,-3.8,-0.6103153419494634
-3.770463466644287,-0.3272317945957184,-3.8,-0.6355947685241699
-3.770463466644287,-0.3272317945957184,-3.8,-0.6608732795715335
-3.771221160888672,-0.3750564754009247,-3.8,-0.6853902435302732
-3.771131753921509,-0.3835669755935669,-3.8,-0.7110426330566408
-3.771296977996826,-0.38419127464294434,-3.8,-0.737155361175537
-3.771296977996826,-0.38419127464294434,-3.8,-0.7619538497924809
-3.773465156555176,-0.4236625134944916,-3.8,-0.7885976409912114
-3.7731266021728516,-0.4263172745704651,-3.8,-0.8132101631164552
-3.775700569152832,-0.4679153859615326,-3.8,-0.8380580902099606
-3.776399850845337,-0.4787798821926117,-3.8,-0.8630369949340819
-3.776399850845337,-0.4787798821926117,-3.8,-0.8882886695861814
-3.779758930206299,-0.558860182762146,-3.8,-0.9163297843933105
-3.7802066802978516,-0.5872275829315186,-3.8,-0.9404034042358393
-3.780374765396118,-0.6188762784004211,-3.8,-0.9651221847534179
-3.780374765396118,-0.6188762784004211,-3.8,-0.9910593032836914
-3.780374765396118,-0.6188762784004211,-3.8,-1.0153424644470217
-3.782233238220215,-0.7166259288787842,-3.8,-1.0404059410095208
-3.7824513912200928,-0.7525762319564819,-3.8,-1.0646691894531255
-3.781940221786499,-0.7790513634681702,-3.8,-1.0889142417907713
-3.7816481590270996,-0.7928003072738647,-3.8,-1.1142166709899906
-3.7816481590270996,-0.7928003072738647,-3.8,-1.139036560058594
-3.7807536125183105,-0.8381995558738708,-3.8,-1.1651274299621583
-3.780414581298828,-0.8904653191566467,-3.8,-1.1911187362670903
-3.7804501056671143,-0.9105542898178101,-3.8,-1.2163645744323723
-3.7802977561950684,-0.9241368174552917,-3.8,-1.2416643714904785
-3.7802977561950684,-0.9241368174552917,-3.8,-1.2661074066162108
-3.7802977561950684,-0.9241368174552917,-3.8,-1.290340728759766
-3.7794501781463623,-1.0106812715530396,-3.8,-1.3282091140747063
-3.7794501781463623,-1.0106812715530396,-3.8,-1.3534443664550784
-3.7794501781463623,-1.0106812715530396,-3.8,-1.3787457084655763
-3.7794501781463623,-1.0106812715530396,-3.8,-1.4030948448181153
-3.778654098510742,-1.0910993814468384,-3.8,-1.4283728408813472
-3.7782092094421387,-1.1243940591812134,-3.8,-1.4542727088928222
-3.778329849243164,-1.1403144598007202,-3.8,-1.4790344619750977
-3.778329849243164,-1.1403144598007202,-3.8,-1.5032811737060552
-3.778329849243164,-1.1403144598007202,-3.8,-1.5282795906066902
-3.777421474456787,-1.2290546894073486,-3.8,-1.5533826065063474
-3.776327133178711,-1.255287766456604,-3.8,-1.5780049705505368
-3.7755286693573,-1.2797709703445435,-3.8,-1.6030453872680663
-3.7755286693573,-1.2797709703445435,-3.8,-1.6271524238586421
-3.7755286693573,-1.2797709703445435,-3.8,-1.6518647384643552
-3.770606279373169,-1.3231700658798218,-3.8,-1.676170959472656
-3.773303985595703,-1.3776289224624634,-3.8,-1.7029892730712888
-3.7728724479675293,-1.4101927280426025,-3.8,-1.7282641220092776
-3.7728724479675293,-1.4101927280426025,-3.8,-1.7526858139038088
-3.7728724479675293,-1.4101927280426025,-3.8,-1.7779657554626462
-3.773345708847046,-1.4121150970458984,-3.8,-1.8041080093383792
-3.773345708847046,-1.4121150970458984,-3.8,-1.8290334129333496
-3.773345708847046,-1.4121150970458984,-3.8,-1.8550223159790038
-3.773345708847046,-1.4121150970458984,-3.8,-1.8796451377868655
-3.773345708847046,-1.4121150970458984,-3.8,-1.9049209594726566
-3.773345708847046,-1.4121150970458984,-3.8,-1.9292634582519534
-3.773345708847046,-1.4121150970458984,-3.8,-1.9535651016235347
-3.773345708847046,-1.4121150970458984,-3.8,-1.9792458152770998
-3.773345708847046,-1.4121150970458984,-3.8,-2.003514442443848
-3.773345708847046,-1.4121150970458984,-3.8,-2.0287919235229497
-3.771148443222046,-1.842191457748413,-3.8,-2.053172817230225
-3.771148443222046,-1.842191457748413,-3.8,-2.077971534729004
-3.768601417541504,-1.8947324752807617,-3.8,-2.10243522644043
-3.768601417541504,-1.8947324752807617,-3.8,-2.126916427612305
-3.768601417541504,-1.8947324752807617,-3.8,-2.151014766693115
-3.766242742538452,-2.0287952423095703,-3.8,-2.1752367591857915
-3.7674829959869385,-2.04436993598938,-3.8,-2.1993385887145998
-3.7693893909454346,-2.0532126426696777,-3.8,-2.2248961639404294
-3.7695071697235107,-2.054591655731201,-3.8,-2.25019287109375
-3.7695071697235107,-2.054591655731201,-3.8,-2.274726142883301
-3.769631862640381,-2.056539297103882,-3.8,-2.2990076446533205
-3.7696917057037354,-2.056720018386841,-3.8,-2.3235282135009765
-3.770347833633423,-2.06107759475708,-3.8,-2.348036766052246
-3.771243095397949,-2.062903642654419,-3.8,-2.3732888412475583
-3.773195743560791,-2.074054718017578,-3.8,-2.397909545898438
-3.7759804725646973,-2.092191457748413,-3.8,-2.4221065330505374
-3.7759804725646973,-2.092191457748413,-3.8,-2.447007789611816
-3.7759804725646973,-2.092191457748413,-3.8,-2.4719087028503415
-3.7833640575408936,-2.1338632106781006,-3.8,-2.4972174263000486
-3.7833640575408936,-2.1338632106781006,-3.768018325805664,-2.5
-3.794597864151001,-2.208737373352051,-3.7259768447875974,-2.5
-3.7984795570373535,-2.237494468688965,-3.689916580200195,-2.5
-3.8067967891693115,-2.264810562133789,-3.653993194580078,-2.5
-3.808117151260376,-2.2685399055480957,-3.615679084777832,-2.5
-3.808117151260376,-2.2685399055480957,-3.5785606307983397,-2.5
-3.808117151260376,-2.2685399055480957,-3.542169204711914,-2.5
-3.808117151260376,-2.2685399055480957,-3.503772682189941,-2.5
-3.808117151260376,-2.2685399055480957,-3.46815234375,-2.5
-3.808117151260376,-2.2685399055480957,-3.4318643951416012,-2.5
-3.808117151260376,-2.2685399055480957,-3.3964763565063474,-2.5
-3.8044564723968506,-2.4127626419067383,-3.354920959472656,-2.5
-3.7915968894958496,-2.4178614616394043,-3.3185058670043945,-2.5
-3.7912228107452393,-2.4119322299957275,-3.282105628967285,-2.5
-3.791565418243408,-2.41120982170105,-3.2441286392211914,-2.5
-3.7966153621673584,-2.3976070880889893,-3.207014465332031,-2.5
-3.797971248626709,-2.3902089595794678,-3.1706985702514645,-2.5
-3.797971248626709,-2.3902089595794678,-3.1347348175048824,-2.5
-3.797971248626709,-2.3902089595794678,-3.09746076965332,-2.5
-3.797971248626709,-2.3902089595794678,-3.0603490295410154,-2.5
-3.797971248626709,-2.3902089595794678,-3.024931198120117,-2.5
-3.797971248626709,-2.3902089595794678,-2.98932991027832,-2.5
-3.797971248626709,-2.3902089595794678,-2.9512431488037105,-2.5
-3.797971248626709,-2.3902089595794678,-2.9159480972290037,-2.5
-3.797971248626709,-2.3902089595794678,-2.8804080734252926,-2.5
-3.797971248626709,-2.3902089595794678,-2.8440373764038083,-2.5
-3.797971248626709,-2.3902089595794678,-2.807667602539062,-2.5
-3.797971248626709,-2.3902089595794678,-2.771947814941406,-2.5
-3.5035789012908936,-2.663447618484497,-2.7360050430297846,-2.5
-3.489851236343384,-2.6788322925567627,-2.699984138488769,-2.5
-3.489851236343384,-2.6788322925567627,-2.6633465652465818,-2.5
-3.460099458694458,-2.7125446796417236,-2.6187612838745116,-2.5
-3.460099458694458,-2.7125446796417236,-2.5823409042358394,-2.5
-3.460099458694458,-2.7125446796417236,-2.5470131225585937,-2.5
-3.392932891845703,-2.8261687755584717,-2.51153352355957,-2.5
-3.3729894161224365,-2.841641426086426,-2.476077003479004,-2.5
-3.351696252822876,-2.823503017425537,-2.4389824676513667,-2.5
-3.32863712310791,-2.7921295166015625,-2.4035631256103516,-2.5
-3.3066656589508057,-2.7556426525115967,-2.3667822952270505,-2.5
-3.2995736598968506,-2.7419066429138184,-2.3294432067871087,-2.5
-3.2995736598968506,-2.7419066429138184,-2.293839904785156,-2.5
-3.268667697906494,-2.696453332901001,-2.2545140991210935,-2.5
-3.2380449771881104,-2.671658992767334,-2.2169155197143553,-2.5
-3.2138752937316895,-2.6595265865325928,-2.181559959411621,-2.5
-3.2138752937316895,-2.6595265865325928,-2.143258186340332,-2.5
-3.1221272945404053,-2.620854377746582,-2.1061833724975583,-2.5
-3.0783796310424805,-2.601109504699707,-2.0707763671874995,-2.5
-3.011301279067993,-2.5716466903686523,-2.033949882507324,-2.5
-3.011301279067993,-2.5716466903686523,-1.9969144287109373,-2.5
-2.9107630252838135,-2.523672580718994,-1.959780281066894,-2.5
-2.9107630252838135,-2.523672580718994,-1.9232842025756833,-2.5
-2.761806011199951,-2.457564115524292,-1.8706411895751949,-2.5
-2.6982600688934326,-2.428638458251953,-1.8345045547485348,-2.5
-2.6982600688934326,-2.428638458251953,-1.7980186309814448,-2.5
-2.6982600688934326,-2.428638458251953,-1.7551108932495114,-2.5
-2.6982600688934326,-2.428638458251953,-1.7190027923583981,-2.5
-2.6982600688934326,-2.428638458251953,-1.683681976318359,-2.5
-2.6982600688934326,-2.428638458251953,-1.6482556686401364,-2.5
-2.6982600688934326,-2.428638458251953,-1.609993255615234,-2.5
-2.6982600688934326,-2.428638458251953,-1.572887222290039,-2.5
-2.6982600688934326,-2.428638458251953,-1.5369712219238276,-2.5
-2.6982600688934326,-2.428638458251953,-1.5012756042480464,-2.5
-2.6982600688934326,-2.428638458251953,-1.4659214706420896,-2.5
-2.6982600688934326,-2.428638458251953,-1.4305468597412108,-2.5
-2.6982600688934326,-2.428638458251953,-1.3926691513061522,-2.5
-2.6982600688934326,-2.428638458251953,-1.3555915679931636,-2.5
-2.6982600688934326,-2.428638458251953,-1.3199037551879877,-2.5
-2.6982600688934326,-2.428638458251953,-1.282826507568359,-2.5
-2.1745011806488037,-2.531024217605591,-1.2456024780273438,-2.5
-2.1745011806488037,-2.531024217605591,-1.2085882568359372,-2.5
-2.1745011806488037,-2.531024217605591,-1.1715125198364253,-2.5
-2.1745011806488037,-2.531024217605591,-1.1351456832885742,-2.5
-2.1371989250183105,-2.575709581375122,-1.098959030151367,-2.5
-2.095158338546753,-2.632723808288574,-1.0632896804809566,-2.5
-2.095158338546753,-2.632723808288574,-1.0265716247558587,-2.5
-2.0421199798583984,-2.7058892250061035,-0.9905458526611324,-2.5
-2.0421199798583984,-2.7058892250061035,-0.9534702835083002,-2.5
-1.98279869556427,-2.727051019668579,-0.9163937911987299,-2.5
-1.932267189025879,-2.686521291732788,-0.8693651657104491,-2.5
-1.932267189025879,-2.686521291732788,-0.8329831390380855,-2.5
-1.932267189025879,-2.686521291732788,-0.7959781494140619,-2.5
-1.8972079753875732,-2.638245105743408,-0.7589484024047843,-2.5
-1.8972079753875732,-2.638245105743408,-0.7215441894531249,-2.5
-1.8972079753875732,-2.638245105743408,-0.684431861877441,-2.5
-1.8972079753875732,-2.638245105743408,-0.6480022506713863,-2.5
-1.8972079753875732,-2.638245105743408,-0.6112143707275388,-2.5
-1.8972079753875732,-2.638245105743408,-0.5741372070312494,-2.5
-1.8972079753875732,-2.638245105743408,-0.5360729370117183,-2.5
-1.8972079753875732,-2.638245105743408,-0.4990650939941399,-2.5
-1.8972079753875732,-2.638245105743408,-0.46339339447021466,-2.5
-1.8972079753875732,-2.638245105743408,-0.42690335845947214,-2.5
-1.603399634361267,-2.4855220317840576,-0.39095034790038996,-2.5
-1.5939009189605713,-2.4932212829589844,-0.354612380981445,-2.5
-1.5834665298461914,-2.5064854621887207,-0.3172782440185542,-2.5
-1.5834665298461914,-2.5064854621887207,-0.2787749710083003,-2.5
-1.5834665298461914,-2.5064854621887207,-0.243496871948242,-2.5
-1.5834665298461914,-2.5064854621887207,-0.20751834869384744,-2.5
-1.5834665298461914,-2.5064854621887207,-0.16914708709716786,-2.5
-1.5834665298461914,-2.5064854621887207,-0.13212162017822227,-2.5
-1.5834665298461914,-2.5064854621887207,-0.09666711425781216,-2.5
-1.5834665298461914,-2.5064854621887207,-0.059580802917480025,-2.5
-1.5834665298461914,-2.5064854621887207,-0.023935874938964208,-2.5
-1.5834665298461914,-2.5064854621887207,0.013293106079101946,-2.5
-1.378900408744812,-2.5919530391693115,0.04864270782470781,-2.5
-1.3736439943313599,-2.586435556411743,0.08685191345214927,-2.5
-1.3736439943313599,-2.586435556411743,0.12313860321044956,-2.5
-1.3005926609039307,-2.514838695526123,0.15847763061523468,-2.5
-1.291123390197754,-2.503354072570801,0.19506518554687569,-2.5
-1.2606358528137207,-2.4644722938537598,0.2321368103027348,-2.5
-1.2455600500106812,-2.4465301036834717,0.2687553329467782,-2.5
-1.2455600500106812,-2.4465301036834717,0.3051299743652347,-2.5
-1.2011452913284302,-2.3915343284606934,0.3406658020019533,-2.5
-1.1872949600219727,-2.3786966800689697,0.37663341522216864,-2.5
-1.1780239343643188,-2.3735084533691406,0.412251655578614,-2.5
-1.157712697982788,-2.3646936416625977,0.44766705322265654,-2.5
-1.1123578548431396,-2.3445746898651123,0.4840708999633794,-2.5
-1.0091133117675781,-2.2990410327911377,0.5209171905517582,-2.5
-0.9804226756095886,-2.2869391441345215,0.5565374450683596,-2.5
-0.8881024122238159,-2.2439796924591064,0.5920830917358408,-2.5
-0.8881024122238159,-2.2439796924591064,0.6278094253540045,-2.5
-0.8881024122238159,-2.2439796924591064,0.6641938858032228,-2.5
-0.7208610773086548,-2.167593479156494,0.7004717636108406,-2.5
-0.7071185111999512,-2.162137508392334,0.7375007553100588,-2.5
-0.6434378027915955,-2.1306865215301514,0.7737876968383794,-2.5
-0.6434378027915955,-2.1306865215301514,0.8096448669433602,-2.5
-0.5757471919059753,-2.1003880500793457,0.8450736923217779,-2.5
-0.5757471919059753,-2.1003880500793457,0.8805415420532237,-2.5
-0.44294899702072144,-2.029256820678711,0.9177609558105475,-2.5
-0.422416627407074,-2.0214176177978516,0.9534453277587893,-2.5
-0.422416627407074,-2.0214176177978516,0.9900406036376959,-2.5
-0.422416627407074,-2.0214176177978516,1.0271499099731454,-2.5
-0.422416627407074,-2.0214176177978516,1.0637164001464852,-2.5
-0.21392633020877838,-1.9511078596115112,1.1109987258911138,-2.5
-0.19984357059001923,-1.9465911388397217,1.147839057922364,-2.5
-0.16734670102596283,-1.9334897994995117,1.1848740081787108,-2.5
-0.13040727376937866,-1.9175312519073486,1.22030778503418,-2.5
-0.053877126425504684,-1.8774794340133667,1.2565704727172857,-2.5
-0.015494804829359055,-1.8571839332580566,1.293610374450684,-2.5
-0.01092191319912672,-1.8550994396209717,1.3302827758789064,-2.5
-0.01092191319912672,-1.8550994396209717,1.366987571716309,-2.5
-0.01092191319912672,-1.8550994396209717,1.4030144348144535,-2.5
0.03070579469203949,-1.839491844177246,1.4391567764282236,-2.5
0.16650830209255219,-1.82597017288208,1.4799605560302744,-2.5
0.16650830209255219,-1.82597017288208,1.5155685577392584,-2.5
0.16650830209255219,-1.82597017288208,1.5525021286010743,-2.5
0.3210492432117462,-1.8231017589569092,1.5879157638549808,-2.5
0.40551629662513733,-1.8195892572402954,1.6241176071167,-2.5
0.4882042109966278,-1.8163988590240479,1.660144805908204,-2.5
0.4882042109966278,-1.8163988590240479,1.6973061447143563,-2.5
0.4882042109966278,-1.8163988590240479,1.7327627487182626,-2.5
0.4882042109966278,-1.8163988590240479,1.769941291809082,-2.5
0.4882042109966278,-1.8163988590240479,1.8070759429931647,-2.5
0.4882042109966278,-1.8163988590240479,1.8428060531616222,-2.5
0.5974947810173035,-1.8122179508209229,1.8936668701171886,-2.5
0.5974947810173035,-1.8122179508209229,1.929071357727052,-2.5
0.5974947810173035,-1.8122179508209229,1.9662052536010757,-2.5
0.5974947810173035,-1.8122179508209229,2.001815353393555,-2.5
0.5974947810173035,-1.8122179508209229,2.038951347351075,-2.5
1.0517652034759521,-1.812842845916748,2.0767072830200197,-2.5
1.0517652034759521,-1.812842845916748,2.1132775497436533,-2.5
1.0517652034759521,-1.812842845916748,2.1499951019287122,-2.5
1.0517652034759521,-1.812842845916748,2.1867687988281252,-2.5
1.391303300857544,-1.8061085939407349,2.2230378646850593,-2.5
1.391303300857544,-1.8061085939407349,2.2592632904052747,-2.5
1.391303300857544,-1.8061085939407349,2.295635330200196,-2.5
1.391303300857544,-1.8061085939407349,2.331545372009278,-2.5
1.5317504405975342,-1.809880256652832,2.367191390991211,-2.5
1.5317504405975342,-1.809880256652832,2.4027014541625977,-2.5
1.622786521911621,-1.8208668231964111,2.4381672058105472,-2.5
1.622786521911621,-1.8208668231964111,2.475283897399903,-2.5
1.622786521911621,-1.8208668231964111,2.511243789672852,-2.5
1.622786521911621,-1.8208668231964111,2.5497867584228526,-2.5
1.7416950464248657,-1.850905179977417,2.5852401733398445,-2.5
1.8183767795562744,-1.8809244632720947,2.622050964355469,-2.5
1.8333276510238647,-1.88388192653656,2.658346046447755,-2.5
1.8841794729232788,-1.9016214609146118,2.6955277786254888,-2.5
1.961653709411621,-1.9268125295639038,2.7322273712158207,-2.5
1.961653709411621,-1.9268125295639038,2.769022972106934,-2.5
2.024728298187256,-1.9520968198776245,2.807033699035645,-2.5
2.024728298187256,-1.9520968198776245,2.845335136413575,-2.5
2.024728298187256,-1.9520968198776245,2.881978332519532,-2.5
2.1842918395996094,-2.0124776363372803,2.9185574111938486,-2.5
2.312199115753174,-2.058346748352051,2.953934539794923,-2.5
2.347052574157715,-2.07012939453125,2.989380233764649,-2.5
2.347052574157715,-2.07012939453125,3.025861457824708,-2.5
2.430767774581909,-2.0973081588745117,3.0614863281250004,-2.5
2.5290610790252686,-2.1324973106384277,3.098210845947266,-2.5
2.5290610790252686,-2.1324973106384277,3.135389808654786,-2.5
2.590607166290283,-2.153780221939087,3.184738075256348,-2.5
2.6776204109191895,-2.1847684383392334,3.2200922927856457,-2.5
2.6776204109191895,-2.1847684383392334,3.2559653244018563,-2.5
2.6776204109191895,-2.1847684383392334,3.2922480697631844,-2.5
2.843365430831909,-2.247199058532715,3.333434539794923,-2.5
2.8892710208892822,-2.2661566734313965,3.370514137268067,-2.5
2.8892710208892822,-2.2661566734313965,3.406488967895509,-2.5
2.9817447662353516,-2.3026745319366455,3.44200154876709,-2.5
3.075038433074951,-2.3401434421539307,3.478178047180176,-2.5
3.114351987838745,-2.356348991394043,3.5136053619384775,-2.5
3.1706173419952393,-2.373776435852051,3.5494086532592783,-2.5
3.178142786026001,-2.377519130706787,3.586517959594727,-2.5
3.178142786026001,-2.377519130706787,3.621945693969728,-2.5
3.230726480484009,-2.396334648132324,3.6621895370483406,-2.5
3.3345346450805664,-2.42936372756958,3.702149551391602,-2.5
3.374044179916382,-2.441647529602051,3.737978942871095,-2.5
3.374044179916382,-2.441647529602051,3.774459243774415,-2.5
3.4512691497802734,-2.4638092517852783,3.8116293945312503,-2.5
3.509063720703125,-2.4789791107177734,3.8484598236083993,-2.5
3.5660130977630615,-2.494579553604126,3.8849188919067386,-2.5
3.5838348865509033,-2.499260902404785,3.9207951126098637,-2.5
3.6099069118499756,-2.5056264400482178,3.9562027893066416,-2.5
3.6099069118499756,-2.5056264400482178,3.9916903610229504,-2.5
3.6876509189605713,-2.5245227813720703,4.0307345199584965,-2.5
3.7269370555877686,-2.5344560146331787,4.067822761535646,-2.5
3.7269370555877686,-2.5344560146331787,4.10578833770752,-2.5
3.7269370555877686,-2.5344560146331787,4.142974349975586,-2.5
3.7269370555877686,-2.5344560146331787,4.178413330078126,-2.5
3.7269370555877686,-2.5344560146331787,4.2155207901001,-2.5
3.7269370555877686,-2.5344560146331787,4.258075210571289,-2.5
3.7269370555877686,-2.5344560146331787,4.293796508789064,-2.5
3.7269370555877686,-2.5344560146331787,4.32916717529297,-2.5
3.7269370555877686,-2.5344560146331787,4.365409889221193,-2.5
3.7269370555877686,-2.5344560146331787,4.401831611633303,-2.5
3.7269370555877686,-2.5344560146331787,4.441886375427246,-2.5
3.7269370555877686,-2.5344560146331787,4.478601829528809,-2.5
3.7269370555877686,-2.5344560146331787,4.5146683883667,-2.5
3.7269370555877686,-2.5344560146331787,4.5516375427246105,-2.5
4.328604221343994,-2.523761510848999,4.588075881958008,-2.5
4.328604221343994,-2.523761510848999,4.624009002685548,-2.5
4.328604221343994,-2.523761510848999,4.6594189453125,-2.5
4.328604221343994,-2.523761510848999,4.696507354736329,-2.5
4.328604221343994,-2.523761510848999,4.732741844177247,-2.5
4.656854152679443,-2.5282013416290283,4.771896278381349,-2.5
4.656854152679443,-2.5282013416290283,4.807884368896485,-2.5
4.656854152679443,-2.5282013416290283,4.844518081665039,-2.5
4.656854152679443,-2.5282013416290283,4.879988029479981,-2.5
4.656854152679443,-2.5282013416290283,4.915392601013184,-2.5
4.656854152679443,-2.5282013416290283,4.950839721679688,-2.5
4.656854152679443,-2.5282013416290283,4.986481040954591,-2.5
4.656854152679443,-2.5282013416290283,5.0,-2.4849169731140135
4.656854152679443,-2.5282013416290283,5.0,-2.4607657623291015
4.656854152679443,-2.5282013416290283,5.0,-2.4366100311279295
4.656854152679443,-2.5282013416290283,5.0,-2.41231502532959
4.656854152679443,-2.5282013416290283,5.0,-2.3870041275024416
4.656854152679443,-2.5282013416290283,5.0,-2.3620954895019532
4.839827537536621,-2.5281219482421875,5.0,-2.3173863983154295
4.839827537536621,-2.5281219482421875,5.0,-2.2925768661499024
4.839827537536621,-2.5281219482421875,5.0,-2.2684223365783693
4.839827537536621,-2.5281219482421875,5.0,-2.2431265449523927
4.964646816253662,-2.495237350463867,5.0,-2.218471851348877
4.964646816253662,-2.495237350463867,5.0,-2.1941742134094238
4.964646816253662,-2.495237350463867,5.0,-2.16917013168335
4.9857401847839355,-2.447510242462158,5.0,-2.142911205291748
4.9690260887146,-2.4363107681274414,5.0,-2.118305206298828
4.953036308288574,-2.434159994125366,5.0,-2.0931969261169434
4.953036308288574,-2.434159994125366,5.0,-2.067977695465088
4.953036308288574,-2.434159994125366,5.0,-2.042913303375244
4.9114837646484375,-2.4388468265533447,5.0,-2.017296619415283
4.89742374420166,-2.441084861755371,5.0,-1.9918544578552246
4.89742374420166,-2.441084861755371,5.0,-1.9676348686218261
4.89742374420166,-2.441084861755371,5.0,-1.9427698898315429
4.89742374420166,-2.441084861755371,5.0,-1.9174652862548829
4.89742374420166,-2.441084861755371,5.0,-1.8925413131713866
4.89742374420166,-2.441084861755371,5.0,-1.8679110527038574
4.89742374420166,-2.441084861755371,5.0,-1.8417625617980957
4.89742374420166,-2.441084861755371,5.0,-1.814932918548584
4.89742374420166,-2.441084861755371,5.0,-1.7906991958618164
4.89742374420166,-2.441084861755371,5.0,-1.7661107635498046
4.89742374420166,-2.441084861755371,5.0,-1.741874294281006
5.050577640533447,-2.0536651611328125,5.0,-1.7165469169616698
5.050577640533447,-2.0536651611328125,5.0,-1.6919111061096193
5.050577640533447,-2.0536651611328125,5.0,-1.6674726486206053
5.131179332733154,-1.8437920808792114,5.0,-1.6432523155212402
5.131179332733154,-1.8437920808792114,5.0,-1.6187247657775878
5.177943706512451,-1.7431976795196533,5.0,-1.594441604614258
5.177943706512451,-1.7431976795196533,5.0,-1.5703129386901855
5.197404384613037,-1.7060189247131348,5.0,-1.5452859687805176
5.2229790687561035,-1.6565990447998047,5.0,-1.5176706886291504
5.227846145629883,-1.6379050016403198,5.0,-1.493197841644287
5.219470500946045,-1.625341773033142,5.0,-1.4683964920043946
5.219470500946045,-1.625341773033142,5.0,-1.4436630630493164
5.219470500946045,-1.625341773033142,5.0,-1.4183624649047852
5.177672863006592,-1.6116597652435303,5.0,-1.393058319091797
5.162544250488281,-1.6024757623672485,5.0,-1.3680294036865233
5.150559425354004,-1.5943045616149902,5.0,-1.3418752479553222
5.145110607147217,-1.5895264148712158,5.0,-1.316548728942871
5.126316547393799,-1.5728052854537964,5.0,-1.291507625579834
5.1060895919799805,-1.5482211112976074,5.0,-1.2651603507995606
5.098116874694824,-1.534000277519226,5.0,-1.2403893280029297
5.090905666351318,-1.5173832178115845,5.0,-1.2159778785705566
5.090905666351318,-1.5173832178115845,5.0,-1.191030387878418
5.090905666351318,-1.5173832178115845,5.0,-1.1657077598571777
5.07652473449707,-1.461761713027954,5.0,-1.140942916870117
5.069319725036621,-1.438178300857544,5.0,-1.1156022644042969
5.064678192138672,-1.421308994293213,5.0,-1.09010534286499
5.0560479164123535,-1.3905839920043945,5.0,-1.0597350692749024
5.0560479164123535,-1.3905839920043945,5.0,-1.0352836227416993
5.040762901306152,-1.3366127014160156,5.0,-1.0110030937194825
5.0372538566589355,-1.3254401683807373,5.0,-0.9859333229064942
5.029107570648193,-1.2959771156311035,5.0,-0.9606596755981447
5.029107570648193,-1.2959771156311035,5.0,-0.9357296943664553
5.029107570648193,-1.2959771156311035,5.0,-0.9107634353637697
5.0158467292785645,-1.2395075559616089,5.0,-0.8857494544982911
5.0158467292785645,-1.2395075559616089,5.0,-0.8614686393737794
5.005387306213379,-1.2042683362960815,5.0,-0.8371822738647459
5.004868030548096,-1.2027463912963867,5.0,-0.813016471862793
5.003161907196045,-1.1973246335983276,5.0,-0.7887339973449707
4.998291969299316,-1.1760644912719727,5.0,-0.7644431114196779
4.998291969299316,-1.1760644912719727,5.0,-0.7376672554016115
4.998291969299316,-1.1760644912719727,5.0,-0.7124814414978027
4.998291969299316,-1.1760644912719727,5.0,-0.6870027732849122
4.998291969299316,-1.1760644912719727,5.0,-0.6625081253051759
4.998291969299316,-1.1760644912719727,5.0,-0.6382516288757325
4.998291969299316,-1.1760644912719727,5.0,-0.6132628250122072
4.998291969299316,-1.1760644912719727,5.0,-0.5887898063659667
4.998291969299316,-1.1760644912719727,5.0,-0.5633320236206054
5.034522533416748,-0.9619482755661011,5.0,-0.5388905906677244
5.034522533416748,-0.9619482755661011,5.0,-0.5136119079589845
5.034522533416748,-0.9619482755661011,5.0,-0.48948472976684565
5.034522533416748,-0.9619482755661011,5.0,-0.46471525192260765
5.034522533416748,-0.9619482755661011,5.0,-0.43939479827880845
5.034522533416748,-0.9619482755661011,5.0,-0.41523328781127944
5.034522533416748,-0.9619482755661011,5.0,-0.3907859039306638
5.034522533416748,-0.9619482755661011,5.0,-0.36548318862915075
5.142049312591553,-0.6637834906578064,5.0,-0.33342210769653313
5.142049312591553,-0.6637834906578064,5.0,-0.3081654548645023
5.142049312591553,-0.6637834906578064,5.0,-0.2828686904907225
5.142049312591553,-0.6637834906578064,5.0,-0.25869522094726527
5.142049312591553,-0.6637834906578064,5.0,-0.23411342620849585
5.069291114807129,-0.5825591087341309,5.0,-0.20881717681884782
5.061112880706787,-0.5763243436813354,5.0,-0.18360258102417015
5.061112880706787,-0.5763243436813354,5.0,-0.15830513000488278
5.030486106872559,-0.5592857003211975,5.0,-0.13418819427490236
5.025814533233643,-0.5531284213066101,5.0,-0.1090295028686521
5.013620376586914,-0.5328336954116821,5.0,-0.0843980979919432
5.013620376586914,-0.5328336954116821,5.0,-0.05945941925048803
5.0070953369140625,-0.515900194644928,5.0,-0.034522686004638814
5.007048606872559,-0.4940108358860016,5.0,-0.009601116180419922
5.007048606872559,-0.4940108358860016,5.0,0.01558664321899439
5.011770248413086,-0.38308224081993103,5.0,0.0406277465820315
5.011770248413086,-0.38308224081993103,5.0,0.06543338775634755
5.011770248413086,-0.38308224081993103,5.0,0.0898380851745606
5.011770248413086,-0.38308224081993103,5.0,0.11513193130493171
5.011868000030518,-0.21313054859638214,5.0,0.14275613784790053
5.011012554168701,-0.1505449414253235,5.0,0.16706310272216784
5.011012554168701,-0.1505449414253235,5.0,0.19169170379638656
5.009626865386963,-0.09008435159921646,5.0,0.21605960845947259
5.006931781768799,-0.014824620448052883,5.0,0.2401713943481445
5.0062336921691895,0.013210932724177837,5.0,0.26477647781372093
5.005167007446289,0.04438558593392372,5.0,0.2898021888732911
5.003398418426514,0.0665879026055336,5.0,0.3159334564208982
5.003398418426514,0.0665879026055336,5.0,0.34051805496215826
4.999056339263916,0.13444899022579193,5.0,0.3655136108398436
4.998294353485107,0.14569787681102753,5.0,0.38974161148071307
4.997310638427734,0.17274487018585205,5.0,0.4169950866699219
4.997310638427734,0.17274487018585205,5.0,0.44175226211547836
4.995785713195801,0.19502131640911102,5.0,0.46645112991333004
4.9960551261901855,0.21385955810546875,5.0,0.49152078628540075
4.995349884033203,0.22999970614910126,5.0,0.5158836555480955
4.994835376739502,0.24583888053894043,5.0,0.5418029785156246
4.994772434234619,0.24709653854370117,5.0,0.5671086120605464
4.994772434234619,0.24709653854370117,5.0,0.5921570968627927
4.991262912750244,0.2952877879142761,5.0,0.6195811462402343
4.989924430847168,0.31574755907058716,5.0,0.6436632347106932
4.988493919372559,0.33185887336730957,5.0,0.668395748138428
4.987868785858154,0.34105876088142395,5.0,0.6937133979797361
4.986696243286133,0.3673049509525299,5.0,0.7179192543029789
4.986051082611084,0.393962562084198,5.0,0.7420498085021974
4.985345840454102,0.42017701268196106,5.0,0.766422348022461
4.983994960784912,0.45207592844963074,5.0,0.7910952949523926
4.983357906341553,0.4651281535625458,5.0,0.8163639068603512
4.983357906341553,0.4651281535625458,5.0,0.8415898323059086
4.983357906341553,0.4651281535625458,5.0,0.8657141494750977
4.983357906341553,0.4651281535625458,5.0,0.889953422546387
4.9773454666137695,0.5823202729225159,5.0,0.9141631698608399
4.977401256561279,0.5865187048912048,5.0,0.9382613372802733
4.97615385055542,0.6290160417556763,5.0,0.9650592803955078
4.975130081176758,0.6641488671302795,5.0,0.989252662658691
4.974637985229492,0.6767834424972534,5.0,1.0140521240234373
4.971735000610352,0.7175525426864624,5.0,1.0457225608825684
4.971658229827881,0.7230805158615112,5.0,1.0706782341003418
4.971658229827881,0.7230805158615112,5.0,1.0955818367004393
4.9665913581848145,0.7831384539604187,5.0,1.1207779502868656
4.965342998504639,0.7985889911651611,5.0,1.146026992797852
4.967727184295654,0.8261259198188782,5.0,1.1711520957946773
4.968136787414551,0.8320395946502686,5.0,1.195779438018799
4.97046422958374,0.8633087873458862,5.0,1.2204091835021975
4.973491668701172,0.9013033509254456,5.0,1.2456420326232909
4.9748687744140625,0.936982274055481,5.0,1.2701945877075196
4.9760847091674805,0.9640733003616333,5.0,1.2952659034729006
4.976333141326904,0.9736464023590088,5.0,1.3197396659851073
4.976333141326904,0.9736464023590088,5.0,1.3449785804748533
4.980672359466553,1.0602948665618896,5.0,1.3743058395385743
4.981571197509766,1.0868819952011108,5.0,1.3990160369873044
4.981901168823242,1.0962307453155518,5.0,1.4231506538391114
4.981901168823242,1.0962307453155518,5.0,1.4484146881103515
4.981901168823242,1.0962307453155518,5.0,1.4731735801696777
4.981901168823242,1.0962307453155518,5.0,1.497749366760254
4.981901168823242,1.0962307453155518,5.0,1.5223008918762204
4.981901168823242,1.0962307453155518,5.0,1.5529826736450199
4.981901168823242,1.0962307453155518,5.0,1.5783197212219235
4.981901168823242,1.0962307453155518,5.0,1.6026308059692376
4.981901168823242,1.0962307453155518,5.0,1.6267236518859862
4.981901168823242,1.0962307453155518,5.0,1.6508676528930657
4.98128080368042,1.4728561639785767,5.0,1.6755886650085454
4.98128080368042,1.4728561639785767,5.0,1.7009110641479497
4.98128080368042,1.4728561639785767,5.0,1.7252897834777832
4.98128080368042,1.4728561639785767,5.0,1.7497080993652343
4.98128080368042,1.4728561639785767,5.0,1.7743824768066405
4.98128080368042,1.4728561639785767,5.0,1.7986395454406736
4.98128080368042,1.4728561639785767,5.0,1.8237874221801755
4.98128080368042,1.4728561639785767,5.0,1.8490966606140136
4.98128080368042,1.4728561639785767,5.0,1.8743873596191403
4.98128080368042,1.4728561639785767,5.0,1.8992554855346677
4.968756198883057,1.6743206977844238,5.0,1.9238446617126463
4.968756198883057,1.6743206977844238,5.0,1.9486882400512693
4.968756198883057,1.6743206977844238,5.0,1.973218879699707
4.970122337341309,1.8086282014846802,5.0,2.0020502662658695
4.970186710357666,1.833389401435852,5.0,2.0264772796630854
4.970186710357666,1.833389401435852,5.0,2.0506030845642087
4.970186710357666,1.833389401435852,5.0,2.0764846420288086
4.970186710357666,1.833389401435852,5.0,2.1010805702209474
4.9712233543396,1.8584532737731934,5.0,2.1281849288940426
4.9712233543396,1.8584532737731934,5.0,2.1527365112304686
4.972250938415527,1.8836318254470825,5.0,2.177905044555664
4.972250938415527,1.8836318254470825,5.0,2.2025456047058105
4.972250938415527,1.8836318254470825,5.0,2.2278574752807616
4.973329067230225,1.9120750427246094,5.0,2.2521115684509274
4.973329067230225,1.9120750427246094,5.0,2.276330757141114
4.974308967590332,1.9368371963500977,5.0,2.3010018157958987
4.9747633934021,1.9548521041870117,5.0,2.3263789176940914
4.9747633934021,1.9548521041870117,5.0,2.350862979888916
4.97683572769165,2.0104918479919434,5.0,2.3787483406066894
4.97755241394043,2.0503687858581543,5.0,2.4029321670532227
4.97825288772583,2.0801291465759277,5.0,2.427990093231201
4.97825288772583,2.0801291465759277,5.0,2.4525912857055667
4.979921340942383,2.1346042156219482,5.0,2.477142353057862
4.979921340942383,2.1346042156219482,5.0,2.5024133682250973
4.978124141693115,2.197824001312256,5.0,2.5305828285217284
4.978000640869141,2.2144808769226074,5.0,2.5574779891967774
4.978000640869141,2.2144808769226074,5.0,2.582687091827392
4.978000640869141,2.2144808769226074,5.0,2.6071220016479497
4.978960990905762,2.32391357421875,5.0,2.638621520996093
4.977179527282715,2.3586320877075195,5.0,2.6626911354064946
4.976430416107178,2.3833391666412354,5.0,2.687011489868164
4.975757598876953,2.4141626358032227,5.0,2.7182408142089844
4.975757598876953,2.4141626358032227,5.0,2.7483545112609864
4.975344181060791,2.451373338699341,5.0,2.7726044273376464
4.976250648498535,2.4818079471588135,5.0,2.7978716087341313
4.976028919219971,2.490551710128784,5.0,2.822166786193848
4.976028919219971,2.490551710128784,5.0,2.8467684364318853
4.975733280181885,2.5531558990478516,5.0,2.882029571533203
4.975349426269531,2.574148416519165,5.0,2.907069187164306
4.974898815155029,2.5953824520111084,5.0,2.9314164924621577
4.974931716918945,2.6060941219329834,5.0,2.955738334655762
4.9749627113342285,2.628329038619995,5.0,2.981043167114258
4.9749627113342285,2.628329038619995,5.0,3.005352764129639
4.9749627113342285,2.628329038619995,5.0,3.030658855438232
4.976336479187012,2.72061824798584,5.0,3.054805774688721
4.976336479187012,2.72061824798584,5.0,3.0796611404418943
4.976336479187012,2.72061824798584,5.0,3.10496940612793
4.974152565002441,2.817603826522827,5.0,3.1347228431701657
4.973699569702148,2.839238166809082,5.0,3.1588315963745117
4.973008155822754,2.8726859092712402,5.0,3.184192161560058
4.973021984100342,2.87644100189209,5.0,3.2094452095031736
4.972478866577148,2.9061734676361084,5.0,3.234037303924561
4.970578670501709,2.9399819374084473,5.0,3.2582701110839842
4.970625877380371,2.9594404697418213,5.0,3.282879486083984
4.970864772796631,2.9795498847961426,5.0,3.307036361694336
4.970976829528809,2.9896183013916016,5.0,3.332225151062012
4.970976829528809,2.9896183013916016,5.0,3.357491817474365
4.972662448883057,3.0556387901306152,5.0,3.39253231048584
4.972769737243652,3.0593175888061523,5.0,3.417501201629639
4.973544120788574,3.0916833877563477,5.0,3.442807292938232
4.973544120788574,3.0916833877563477,5.0,3.468113555908203
4.973544120788574,3.0916833877563477,5.0,3.493399276733398
4.9740400314331055,3.1779873371124268,4.97370849609375,3.5
4.97415018081665,3.2146265506744385,4.938242996215821,3.5
4.974180698394775,3.2288243770599365,4.901612808227539,3.5
4.974180698394775,3.2288243770599365,4.864489822387696,3.5
4.974180698394775,3.2288243770599365,4.82823208618164,3.5
4.973794937133789,3.256805658340454,4.791556495666504,3.5
4.977522850036621,3.323765277862549,4.756089653015136,3.5
4.977522850036621,3.323765277862549,4.719914329528809,3.5
4.977522850036621,3.323765277862549,4.682771957397461,3.5
4.977522850036621,3.323765277862549,4.647101432800293,3.5
4.977522850036621,3.323765277862549,4.611255760192871,3.5
4.970444202423096,3.441563606262207,4.575369720458984,3.5
4.961583137512207,3.4521734714508057,4.539157051086426,3.5
4.95849609375,3.4495456218719482,4.50278173828125,3.5
4.95849609375,3.4495456218719482,4.465671760559082,3.5
4.937863349914551,3.4318456649780273,4.428239013671875,3.5
4.937863349914551,3.4318456649780273,4.392721145629883,3.5
4.937863349914551,3.4318456649780273,4.35610824584961,3.5
4.937863349914551,3.4318456649780273,4.320534820556641,3.5
4.937863349914551,3.4318456649780273,4.284996139526367,3.5
4.937863349914551,3.4318456649780273,4.247910499572754,3.5
4.937863349914551,3.4318456649780273,4.2119036941528325,3.5
4.937863349914551,3.4318456649780273,4.176203125,3.5
4.937863349914551,3.4318456649780273,4.140541328430176,3.5
4.937863349914551,3.4318456649780273,4.103753448486328,3.5
4.937863349914551,3.4318456649780273,4.0673126754760744,3.5
4.937863349914551,3.4318456649780273,4.030792594909668,3.5
4.937863349914551,3.4318456649780273,3.9947791595458986,3.5
4.937863349914551,3.4318456649780273,3.9577646026611326,3.5
4.691725254058838,3.631007194519043,3.922397796630859,3.5
4.6721014976501465,3.6772301197052,3.886426155090332,3.5
4.6721014976501465,3.6772301197052,3.85097802734375,3.5
4.6721014976501465,3.6772301197052,3.8155639724731447,3.5
4.6721014976501465,3.6772301197052,3.7788091583251955,3.5
4.6721014976501465,3.6772301197052,3.7434342956542968,3.5
4.6721014976501465,3.6772301197052,3.6973832092285157,3.5
4.6721014976501465,3.6772301197052,3.6577060165405273,3.5
4.6721014976501465,3.6772301197052,3.621938980102539,3.5
4.6721014976501465,3.6772301197052,3.5865471649169924,3.5
4.6721014976501465,3.6772301197052,3.5494305572509766,3.5
4.6721014976501465,3.6772301197052,3.5109449920654296,3.5
4.6721014976501465,3.6772301197052,3.474804412841797,3.5
4.6721014976501465,3.6772301197052,3.438732566833496,3.5
4.6721014976501465,3.6772301197052,3.403310035705566,3.5
4.6721014976501465,3.6772301197052,3.3679569931030273,3.5
4.6721014976501465,3.6772301197052,3.3168366851806637,3.5
4.6721014976501465,3.6772301197052,3.2815536346435543,3.5
4.6721014976501465,3.6772301197052,3.2460157089233395,3.5
4.546788692474365,3.837265968322754,3.2089310760498044,3.5
4.5668625831604,3.826061487197876,3.1734603729248043,3.5
4.5841240882873535,3.8227977752685547,3.1380590744018555,3.5
4.598210334777832,3.823578119277954,3.102090957641601,3.5
4.619635581970215,3.8333492279052734,3.0663031921386716,3.5
4.620161056518555,3.8339719772338867,3.0300875854492184,3.5
4.620161056518555,3.8339719772338867,2.9947623214721677,3.5
4.620161056518555,3.8339719772338867,2.9592176818847653,3.5
4.620161056518555,3.8339719772338867,2.922122894287109,3.5
4.620161056518555,3.8339719772338867,2.8850390167236326,3.5
4.620161056518555,3.8339719772338867,2.845644897460937,3.5
4.614785671234131,3.923948049545288,2.8086275711059567,3.5
4.596247673034668,3.9280428886413574,2.773247673034668,3.5
4.582090377807617,3.9265148639678955,2.736615303039551,3.5
4.579292297363281,3.9125192165374756,2.701013343811035,3.5
4.579808712005615,3.8964433670043945,2.665654678344726,3.5
4.579808712005615,3.8964433670043945,2.6300755462646483,3.5
4.589929103851318,3.839465618133545,2.579735641479492,3.5
4.587646484375,3.824822187423706,2.543662033081054,3.5
4.581831455230713,3.8154168128967285,2.5066825561523434,3.5
4.572597980499268,3.8041868209838867,2.4696188201904294,3.5
4.534265518188477,3.7675089836120605,2.4332198410034174,3.5
4.500683784484863,3.7338178157806396,2.39770482635498,3.5
4.419406414031982,3.6521639823913574,2.3587289810180665,3.5
4.375686168670654,3.6091010570526123,2.323146324157715,3.5
4.375686168670654,3.6091010570526123,2.2861000442504884,3.5
4.375686168670654,3.6091010570526123,2.2495800476074215,3.5
4.247833251953125,3.47967529296875,2.20216495513916,3.5
4.178972244262695,3.4046080112457275,2.1665742416381835,3.5
4.121452331542969,3.342186689376831,2.1298845520019527,3.5
4.121452331542969,3.342186689376831,2.092984466552734,3.5
4.121452331542969,3.342186689376831,2.0559022674560543,3.5
4.002785682678223,3.213853359222412,2.018818725585937,3.5
3.965665817260742,3.173065662384033,1.9820691986083983,3.5
3.9393913745880127,3.1414458751678467,1.9459861068725584,3.5
3.9393913745880127,3.1414458751678467,1.9098226165771486,3.5
3.9393913745880127,3.1414458751678467,1.8741749191284178,3.5
3.866260528564453,3.055539131164551,1.8378973770141602,3.5
3.8436036109924316,3.0347490310668945,1.8015579833984372,3.5
3.802361488342285,3.0067381858825684,1.7648060226440432,3.5
3.802361488342285,3.0067381858825684,1.7277266769409176,3.5
3.802361488342285,3.0067381858825684,1.692197898864746,3.5
3.6237008571624756,2.9104995727539062,1.6557532653808589,3.5
3.599815845489502,2.8997642993927,1.6186771087646479,3.5
3.5287411212921143,2.8699681758880615,1.5828068466186522,3.5
3.5287411212921143,2.8699681758880615,1.545694183349609,3.5
3.5287411212921143,2.8699681758880615,1.510321334838867,3.5
3.36016845703125,2.7913639545440674,1.4729800643920896,3.5
3.3045289516448975,2.767813205718994,1.4367631988525384,3.5
3.2578742504119873,2.7489681243896484,1.399655319213867,3.5
3.2249515056610107,2.7354142665863037,1.363632652282715,3.5
3.1564483642578125,2.705843925476074,1.326578399658203,3.5
3.079359769821167,2.6721925735473633,1.2912315673828125,3.5
3.0025558471679688,2.6387391090393066,1.2530521545410154,3.5
2.95723032951355,2.619952440261841,1.2169448089599602,3.5
2.9000701904296875,2.597818613052368,1.1815331878662105,3.5
2.8628149032592773,2.578887701034546,1.145505317687988,3.5
2.808415412902832,2.5576066970825195,1.1098097000122067,3.5
2.763580083847046,2.5416364669799805,1.0722224502563473,3.5
2.6992149353027344,2.526984214782715,1.035979148864746,3.5
2.6544721126556396,2.517103910446167,0.9998477172851556,3.5
2.5985469818115234,2.5066847801208496,0.9621168746948241,3.5
2.5407817363739014,2.4970614910125732,0.926640884399414,3.5
2.467864751815796,2.485264301300049,0.8911987152099607,3.5
2.419687032699585,2.477175712585449,0.8535657272338861,3.5
2.3462369441986084,2.4672460556030273,0.8179833221435544,3.5
2.2878127098083496,2.4604780673980713,0.7825317535400389,3.5
2.2256550788879395,2.4514074325561523,0.7461123809814447,3.5
2.1818816661834717,2.4465389251708984,0.7107839279174799,3.5
2.109487771987915,2.4405417442321777,0.6740597457885737,3.5
2.061605453491211,2.437189817428589,0.6379997329711911,3.5
1.992735743522644,2.432293176651001,0.6022869110107418,3.5
1.9508053064346313,2.4307239055633545,0.5656757736206046,3.5
1.877689242362976,2.429933786392212,0.5295458526611325,3.5
1.8242981433868408,2.4275176525115967,0.4939377670288083,3.5
1.7694146633148193,2.425873279571533,0.4574640121459961,3.5
1.728104829788208,2.4275460243225098,0.4204022064208983,3.5
1.6538326740264893,2.430101156234741,0.3838255615234374,3.5
1.6133968830108643,2.4317893981933594,0.3469721374511714,3.5
1.5390347242355347,2.4391725063323975,0.3100688629150383,3.5
1.4766321182250977,2.4457552433013916,0.27372032165527305,3.5
1.4527640342712402,2.4480040073394775,0.23840798187255796,3.5
1.390365719795227,2.4554145336151123,0.20278134918212842,3.5
1.3145722150802612,2.4656591415405273,0.16749158477783155,3.5
1.2821033000946045,2.4686808586120605,0.13157877349853475,3.5
1.1941250562667847,2.481518507003784,0.09589373016357428,3.5
1.1531153917312622,2.490129232406616,0.059905975341796314,3.5
1.0794289112091064,2.5002875328063965,0.022819999694823956,3.5
1.0289207696914673,2.5103180408477783,-0.014263961791993296,3.5
0.9665092825889587,2.52411150932312,-0.05039002227783307,3.5
0.9351273775100708,2.5316364765167236,-0.08590436553955083,3.5
0.8541338443756104,2.550637722015381,-0.1234652633666995,3.5
0.8095188140869141,2.563088893890381,-0.15944110107421938,3.5
0.7535855770111084,2.57842755317688,-0.19704563903808658,3.5
0.6924365758895874,2.595939874649048,-0.23264617156982492,3.5
0.6491891741752625,2.607402801513672,-0.2693460159301768,3.5
0.5926247239112854,2.623673677444458,-0.3051669311523435,3.5
0.53371661901474,2.641413927078247,-0.34109761810302786,3.5
0.5017587542533875,2.6512582302093506,-0.3777165603637691,3.5
0.44665414094924927,2.6692934036254883,-0.41307144927978623,3.5
0.4174131155014038,2.680267333984375,-0.44974427032470743,3.5
0.34639760851860046,2.708724021911621,-0.4856768035888672,3.5
0.3111934959888458,2.723701000213623,-0.5239655685424802,3.5
0.3111934959888458,2.723701000213623,-0.5593725738525395,3.5
0.1652837097644806,2.786038398742676,-0.5959967193603521,3.5
0.10307072103023529,2.8107142448425293,-0.6343013458251958,3.5
0.05411173403263092,2.8309528827667236,-0.6708340148925789,3.5
-0.007110682316124439,2.856590509414673,-0.7078817214965829,3.5
-0.0412636399269104,2.871701717376709,-0.744387283325195,3.5
-0.10791615396738052,2.8978371620178223,-0.7798600845336923,3.5
-0.14195312559604645,2.9148294925689697,-0.8165631179809578,3.5
-0.18140549957752228,2.93235445022583,-0.8556005630493164,3.5
-0.18140549957752228,2.93235445022583,-0.8926439895629894,3.5
-0.29418715834617615,2.977363348007202,-0.9289894256591795,3.5
-0.29794996976852417,2.9792048931121826,-0.9642876663208018,3.5
-0.29794996976852417,2.9792048931121826,-1.0027278289794923,3.5
-0.43080589175224304,3.0463685989379883,-1.0393079986572271,3.5
-0.48640114068984985,3.080303192138672,-1.0757449111938477,3.5
-0.4948783218860626,3.0835139751434326,-1.1113177490234376,3.5
-0.5888803005218506,3.1357581615448,-1.149024253845215,3.5
-0.6389690637588501,3.165040969848633,-1.1845977630615243,3.5
-0.6471952199935913,3.1703360080718994,-1.2213413314819341,3.5
-0.7314422726631165,3.2143595218658447,-1.2581565704345712,3.5
-0.778715968132019,3.238190174102783,-1.2941908187866211,3.5
-0.8212177753448486,3.2608470916748047,-1.3306143875122078,3.5
-0.9053531289100647,3.302855968475342,-1.3669935607910153,3.5
-0.9472115635871887,3.3219046592712402,-1.4032763900756846,3.5
-0.9472115635871887,3.3219046592712402,-1.4424574279785158,3.5
-1.061946988105774,3.3713157176971436,-1.477836318969727,3.5
-1.087265968322754,3.381511688232422,-1.5132601089477546,3.5
-1.142210602760315,3.4037764072418213,-1.548700515747071,3.5
-1.1990951299667358,3.4233126640319824,-1.587132202148438,3.5
-1.2493866682052612,3.441030263900757,-1.6227656326293944,3.5
-1.2659902572631836,3.448056697845459,-1.6584678802490238,3.5
-1.334272861480713,3.4690234661102295,-1.695929496765137,3.5
-1.3725050687789917,3.4804484844207764,-1.7322636871337895,3.5
-1.4112740755081177,3.4931640625,-1.7693908691406248,3.5
-1.4458787441253662,3.5040221214294434,-1.806506134033203,3.5
-1.4810658693313599,3.514314651489258,-1.842205276489258,3.5
-1.507818579673767,3.521432399749756,-1.877555801391602,3.5
-1.5383261442184448,3.526732921600342,-1.9140255279541023,3.5
-1.562817096710205,3.5331175327301025,-1.950718742370606,3.5
-1.5943413972854614,3.54520583152771,-1.9864941711425788,3.5
-1.6254059076309204,3.55269455909729,-2.022223945617676,3.5
-1.6475498676300049,3.5510756969451904,-2.0596401596069347,3.5
-1.6775712966918945,3.5478622913360596,-2.094917922973633,3.5
-1.705640435218811,3.5433011054992676,-2.130784660339356,3.5
-1.7378243207931519,3.5392699241638184,-2.1674771194458016,3.5
-1.7378243207931519,3.5392699241638184,-2.203537803649903,3.5
-1.8339933156967163,3.528143882751465,-2.238859291076661,3.5
-1.8642516136169434,3.5245842933654785,-2.27759049987793,3.5
-1.8642516136169434,3.5245842933654785,-2.3128700256347665,3.5
-1.9674251079559326,3.516014575958252,-2.348587463378907,3.5
-2.009742021560669,3.5121920108795166,-2.3841070938110365,3.5
-2.0414974689483643,3.509843587875366,-2.41962395477295,3.5
-2.0808217525482178,3.5079028606414795,-2.4566673812866213,3.5
-2.113740921020508,3.5055320262908936,-2.493758979797364,3.5
-2.1608622074127197,3.5030035972595215,-2.529459213256837,3.5
-2.2110586166381836,3.5005643367767334,-2.5652726593017583,3.5
-2.223660469055176,3.4998111724853516,-2.602083450317383,3.5
-2.289350748062134,3.4972543716430664,-2.637564308166504,3.5
-2.3223788738250732,3.495633602142334,-2.6729552001953127,3.5
-2.327167510986328,3.4953949451446533,-2.709053062438966,3.5
-2.400871515274048,3.492636203765869,-2.754060813903809,3.5
-2.4146273136138916,3.491988182067871,-2.7911025619506846,3.5
-2.464163064956665,3.4897003173828125,-2.8267636871337904,3.5
-2.503281831741333,3.487852096557617,-2.8645328826904297,3.5
-2.537936210632324,3.485482931137085,-2.9012299575805676,3.5
-2.5687050819396973,3.4831576347351074,-2.936940010070802,3.5
-2.598341464996338,3.481381416320801,-2.9723948516845713,3.5
-2.630279779434204,3.4792933464050293,-3.009430892944337,3.5
-2.659505844116211,3.477773427963257,-3.045895919799806,3.5
-2.6912927627563477,3.476714849472046,-3.083609977722169,3.5
-2.7235465049743652,3.475188970565796,-3.1207280120849603,3.5
-2.7412307262420654,3.474297285079956,-3.1573771667480486,3.5
-2.7412307262420654,3.474297285079956,-3.193964721679688,3.5
-2.8175246715545654,3.4685006141662598,-3.229287971496582,3.5
-2.8175246715545654,3.4685006141662598,-3.2650575256347665,3.5
-2.8874568939208984,3.4652347564697266,-3.304240409851074,3.5
-2.912034034729004,3.4644970893859863,-3.341000511169433,3.5
-2.956902027130127,3.462770938873291,-3.376424301147461,3.5
-2.992541790008545,3.461273670196533,-3.4121213455200206,3.5
-3.0335536003112793,3.4603660106658936,-3.4484238128662117,3.5
-3.0693230628967285,3.459973096847534,-3.484092323303223,3.5
-3.103156089782715,3.4593868255615234,-3.5207900695800785,3.5
-3.144313335418701,3.4582560062408447,-3.557768371582032,3.5
-3.1801252365112305,3.4564802646636963,-3.594714363098145,3.5
-3.2036314010620117,3.4556171894073486,-3.632308998107911,3.5
-3.2036314010620117,3.4556171894073486,-3.6686424331665037,3.5
-3.2036314010620117,3.4556171894073486,-3.7049934082031264,3.5
-3.311544895172119,3.4545538425445557,-3.7407074050903333,3.5
-3.3500494956970215,3.4549198150634766,-3.7764139328002937,3.5
-3.386486530303955,3.45528244972229,-3.8,3.4917259788513184
-3.44608473777771,3.4545321464538574,-3.8,3.4675661849975588
-3.4816651344299316,3.454524517059326,-3.8,3.4425477981567383
-3.523261070251465,3.4546995162963867,-3.8,3.416643180847168
-3.5662779808044434,3.454158067703247,-3.8,3.392426223754883
-3.596120834350586,3.4527153968811035,-3.8,3.3678512382507324
-3.623248338699341,3.4523468017578125,-3.8,3.3434276008605956
-3.6404595375061035,3.455033779144287,-3.8,3.318172435760498
-3.648871660232544,3.4571282863616943,-3.8,3.293972759246826
-3.687236785888672,3.4612274169921875,-3.8,3.2684103202819825
-3.7101902961730957,3.464481830596924,-3.8,3.2433389472961425
-3.729360342025757,3.462947130203247,-3.8,3.218069591522217
-3.7487223148345947,3.4542481899261475,-3.8,3.1938610458374024
-3.761850118637085,3.4408090114593506,-3.8,3.169278793334961
-3.7676846981048584,3.4245553016662598,-3.8,3.14314208984375
-3.769129991531372,3.4122891426086426,-3.8,3.1184983825683594
-3.769993782043457,3.4001245498657227,-3.8,3.093199043273926
-3.772381067276001,3.3803000450134277,-3.8,3.069046859741211
-3.7734508514404297,3.361246109008789,-3.8,3.0443585777282713
-3.775629758834839,3.3392934799194336,-3.8,3.0189730072021486
-3.777705669403076,3.3175771236419678,-3.8,2.9944059181213376
-3.780245780944824,3.292640209197998,-3.8,2.969179992675781
-3.7834644317626953,3.2688698768615723,-3.8,2.945026435852051
-3.7863245010375977,3.243572473526001,-3.8,2.9209195709228517
-3.788935899734497,3.2179882526397705,-3.8,2.896414165496826
-3.788935899734497,3.2179882526397705,-3.8,2.8722999763488772
-3.79438853263855,3.164119005203247,-3.8,2.845673122406006
-3.7974514961242676,3.1352884769439697,-3.8,2.8203872299194335
-3.8002610206604004,3.1081395149230957,-3.8,2.795450496673584
-3.8016412258148193,3.0945754051208496,-3.8,2.771291389465332
-3.8068506717681885,3.054401397705078,-3.8,2.7469332695007322
-3.8083510398864746,3.037341594696045,-3.8,2.722154235839844
-3.8108789920806885,3.0034236907958984,-3.8,2.6971392822265625
-3.813462257385254,2.9761760234832764,-3.8,2.672887992858887
-3.8149540424346924,2.9510068893432617,-3.8,2.6484015274047854
-3.8175673484802246,2.92578125,-3.8,2.6242956924438476
-3.819329261779785,2.9001638889312744,-3.8,2.600237865447998
